date,nav
2020-03-19,0.9321914437328453
2020-03-23,0.9101425361390667
2020-03-24,0.9692427008234218
2020-03-25,1.0419813650503202
2020-03-26,1.0265243989021042
2020-03-27,1.076077613906679
2020-03-30,1.045618298261665
2020-03-31,1.0399355901189387
2020-04-01,1.0089794826820997
2020-04-02,0.9763599026966365
2020-04-03,0.919330166948523
2020-04-06,0.9615074969706101
2020-04-07,1.0088409722560965
2020-04-08,1.0294472237068533
2020-04-09,1.0873789674916272
2020-04-10,1.1170412470314557
2020-04-13,1.0950698823710168
2020-04-14,1.1378172107692337
2020-04-15,1.1147187216147116
2020-04-16,1.0800423070133043
2020-04-17,1.1398151414389592
2020-04-20,1.1439658852384076
2020-04-21,1.115058146188754
2020-04-22,1.07840408808931
2020-04-23,1.113556480121916
2020-04-24,1.105437577068217
2020-04-27,1.1292777344547376
2020-04-28,1.1430490473747232
2020-04-30,1.2184545725329332
2020-05-01,1.1531916256145007
2020-05-07,1.1274495160720335
2020-05-08,1.179837700762476
2020-05-11,1.2552912151775755
2020-05-12,1.231390196275989
2020-05-13,1.2237398557399768
2020-05-14,1.1883089006483942
2020-05-15,1.2107562427400316
2020-05-18,1.2250238202629045
2020-05-29,1.324740022894169
2020-06-01,1.3349988668194137
2020-06-02,1.3488587433396662
2020-06-03,1.4216023185070894
2020-06-04,1.4031562950995675
2020-06-05,1.4421605807009565
2020-06-08,1.4760898697257008
2020-06-09,1.4704909064609684
2020-06-10,1.456699306369294
2020-06-11,1.3809395268100173
2020-06-12,1.3590087364929557
2020-06-15,1.2791867767344973
2020-06-16,1.378120736790386
2020-06-17,1.3404889793121912
2020-06-18,1.3159016963490076
2020-06-19,1.3046503232179882
2020-06-22,1.2927883773674615
2020-06-23,1.321376979014761
2020-06-24,1.3355080036804776
2020-06-25,1.2987930840659674
2020-06-26,1.3022778509755075
2020-06-29,1.2486942653624036
2020-06-30,1.2703262054488
2020-07-01,1.2231380644615917
2020-07-02,1.2274319021482523
2020-07-03,1.2385361944605782
2020-07-06,1.2722353909083846
2020-07-07,1.254691853103809
2020-07-08,1.2325056820291034
2020-07-09,1.2242758684656994
2020-07-10,1.2030658214160812
2020-07-13,1.2424182770109813
2020-07-14,1.235709564887031
2020-07-15,1.2583044690225116
2020-07-16,1.2644996835084894
2020-07-17,1.2790234319841036
2020-07-20,1.2673457045565
2020-07-21,1.2600950370936659
2020-07-22,1.2442118671576183
2020-07-27,1.2251217922881603
2020-07-28,1.2004638313743423
2020-07-29,1.164210494060172
2020-07-30,1.1591052344029271
2020-07-31,1.1272190195762215
2020-08-03,1.1744149692236971
2020-08-04,1.1868278117455988
2020-08-05,1.1993678323946446
2020-08-06,1.1933373199631698
2020-08-07,1.1775619366798025
2020-08-11,1.2564255057731406
2020-08-12,1.2747011365965317
2020-08-13,1.278259859188894
2020-08-14,1.2701662899790818
2020-08-17,1.2829563857853645
2020-08-18,1.25867870023141
2020-08-19,1.255772741706094
2020-08-20,1.2628871648153364
2020-08-21,1.2640279908949268
2020-08-24,1.2494727626429185
2020-08-25,1.2813274976932303
2020-08-26,1.2681571265270843
2020-08-27,1.255037626611796
2020-08-28,1.2602536949972039
2020-08-31,1.2623452094764527
2020-09-01,1.2495581357456524
2020-09-02,1.2468392928247858
2020-09-03,1.26997615229915
2020-09-04,1.2713610093850123
2020-09-07,1.2792644409148928
2020-09-08,1.2891485781958596
2020-09-09,1.2786625480987037
2020-09-10,1.3090216173349907
2020-09-11,1.310381038795424
2020-09-14,1.3270532171521099
2020-09-15,1.3206424293607717
2020-09-16,1.2954140554071585
2020-09-17,1.2799335743809206
2020-09-18,1.27868496164865
2020-09-23,1.2749076436754445
2020-09-24,1.2346359794572794
2020-09-25,1.2552217201407627
2020-09-28,1.288974809914909
2020-09-29,1.2741755506566288
2020-09-30,1.2334158244259203
2020-10-01,1.2350055794774573
2020-10-05,1.2548420522874575
2020-10-06,1.2668747842956936
2020-10-07,1.2634368608647688
2020-10-08,1.2634368608647688
2020-10-09,1.2548420522874575
2020-10-12,1.2342145117019103
2020-10-13,1.2462472437101462
2020-10-14,1.2221817796936745
2020-10-15,1.2221817796936745
2020-10-16,1.2204628179782122
2020-10-19,1.2342145117019103
2020-10-20,1.2135869711163632
2020-10-21,1.2393713968482971
2020-10-22,1.2204628179782122
2020-10-23,1.2548420522874575
2020-10-26,1.2617178991493065
2020-10-27,1.251404128856533
2020-10-28,1.21874385626275
2020-10-29,1.2720316694420803
2020-10-30,1.2032732008235894
2020-11-02,1.2101490476854386
2020-11-04,1.2290576265555235
2020-11-05,1.2239007414091367
2020-11-06,1.225619703124599
2020-11-09,1.2342145117019103
2020-11-10,1.3339142911987218
2020-11-11,1.4026727598172128
2020-11-12,1.3820452192316657
2020-11-13,1.3373522146296464
2020-11-16,1.3304763677677973
2020-11-17,1.364855602077043
2020-11-18,1.3614176786461185
2020-11-19,1.3631366403615808
2020-11-20,1.3614176786461185
2020-11-24,1.3682935255079676
2020-11-25,1.3768883340852789
2020-11-26,1.397515874670826
2020-11-27,1.404391721532675
2020-11-30,1.3631366403615808
2020-12-01,1.3631366403615808
2020-12-02,1.3803262575162034
2020-12-03,1.397515874670826
2020-12-04,1.409548606679062
2020-12-07,1.397515874670826
2020-12-08,1.3889210660935147
2020-12-09,1.447365764419232
2020-12-10,1.4456468027037697
2020-12-11,1.4250192621182225
2020-12-14,1.435333032410996
2020-12-15,1.4336140706955338
2020-12-16,1.4370519941264583
2020-12-17,1.4404899175573829
2020-12-18,1.4456468027037697
2020-12-21,1.4370519941264583
2020-12-22,1.390640027808977
2020-12-23,1.3768883340852789
2020-12-24,1.3889210660935147
2020-12-25,1.3854831426625902
2020-12-28,1.390640027808977
2020-12-29,1.3957969129553638
2020-12-30,1.397515874670826
2020-12-31,1.2273386648400613
2021-01-05,1.3818537141223355
2021-01-06,1.3953447455940393
2021-01-07,1.4527305414370073
2021-01-08,1.4595328979542124
2021-01-12,1.4666080776061468
2021-01-13,1.4646937759699938
2021-01-14,1.464771076909481
2021-01-15,1.4573798839600252
2021-01-18,1.427276275432317
2021-01-19,1.457063870662504
2021-01-20,1.4584734463454665
2021-01-21,1.4565182243930457
2021-01-22,1.4561271800025615
2021-01-25,1.4634751827892252
2021-01-26,1.4572207423880024
2021-01-27,1.4761818556334363
2021-01-28,1.469302198176744
2021-01-29,1.4355632387254473
2021-02-01,1.4804788042357138
2021-02-02,1.4796580649850017
2021-02-03,1.5165253795601714
2021-02-04,1.572542520036445
2021-02-05,1.5875136185910255
2021-02-08,1.6244923448823778
2021-02-09,1.5932224127227896
2021-02-10,1.6105375077737512
2021-02-12,1.615273230622353
2021-02-15,1.589898535403674
2021-02-16,1.5959165332933867
2021-02-17,1.6143661110460574
2021-02-18,1.560026829694427
2021-02-19,1.5791448146653595
2021-02-22,1.593918121178174
2021-02-24,1.6011501725556068
2021-02-25,1.6460248177496055
2021-02-26,1.5703826965026852
2021-03-01,1.6238580484408112
2021-03-02,1.6032941071636972
2021-03-03,1.6464158621400897
2021-03-04,1.6431306352907176
2021-03-05,1.6772606391324985
2021-03-08,1.6847655136446607
2021-03-09,1.7013075993007507
2021-03-10,1.6877028862663404
2021-03-11,1.6853566199234353
2021-03-12,1.7121318114389799
2021-03-15,1.7385227681036126
2021-03-16,1.7337142840085722
2021-03-17,1.7328912749113359
2021-03-18,1.7388365115546098
2021-03-19,1.759832417538476
2021-03-22,1.7434494734544086
2021-03-23,1.7091262172639097
2021-03-24,1.6710084685778002
2021-03-25,1.7109995985837951
2021-03-26,1.727496224230569
2021-03-29,1.7235903200187754
2021-03-30,1.7349647181195118
2021-03-31,1.6439263431508315
2021-04-01,1.5936075698025367
2021-04-02,1.60007907262407
2021-04-05,1.5855181912756202
2021-04-06,1.5984611969186866
2021-04-07,1.6324365867317356
2021-04-08,1.617875705383286
2021-04-09,1.6615583494286348
2021-04-12,1.6486153437855684
2021-04-13,1.6987694906524504
2021-04-14,1.663176225134018
2021-04-15,1.656704722312485
2021-04-16,1.6728834793663176
2021-04-19,1.6793549821878508
2021-04-20,1.6356723381425022
2021-04-21,1.6097863268563697
2021-04-22,1.656704722312485
2021-04-23,1.6647941008394014
2021-04-26,1.6761192307770842
2021-04-27,1.6437617166694185
2021-04-28,1.6534689709017183
2021-04-30,1.7408342589924157
2021-05-06,1.7440700104031823
2021-05-07,1.7699560216893149
2021-05-10,1.742452134697799
2021-05-11,1.7052409934739834
2021-05-12,1.7408342589924157
2021-05-13,1.6987694906524504
2021-05-14,1.742452134697799
2021-05-17,1.742452134697799
2021-05-18,1.7748096488054648
2021-05-19,1.7489236375193322
2021-05-20,1.7505415132247155
2021-05-21,1.781281151626998
2021-05-24,1.8233459199669633
2021-05-25,1.8249637956723466
2021-05-26,1.8362889256100297
2021-05-27,1.8346710499046464
2021-05-28,1.8815894453607616
2021-05-31,1.855703434074629
2021-06-01,1.8929145752984446
2021-06-02,1.8961503267092112
2021-06-03,1.9220363379953438
2021-06-04,1.962483230629926
2021-06-07,1.967336857746076
2021-06-08,1.9705726091568423
2021-06-09,1.9916049933268252
2021-06-10,1.9657189820406926
2021-06-11,1.9365972193437935
2021-06-14,1.951158100692243
2021-06-15,1.9738083605676089
2021-06-16,2.0223446317291076
2021-06-17,1.9996943718537414
2021-06-18,1.9867513662106753
2021-06-21,1.9042397052361277
2021-06-22,2.025580383139874
2021-06-23,2.002930123264508
2021-06-24,1.9932228690322085
2021-06-25,2.0741166543013727
2021-06-28,2.1000026655875055
2021-06-29,2.087059659944439
2021-06-30,2.0579378972475397
2021-07-01,2.0344613940381255
2021-07-02,2.073193263518659
2021-07-05,2.066383087187863
2021-07-06,2.077170584426055
2021-07-07,2.025079203873476
2021-07-08,1.9871298591615871
2021-07-09,1.9660077972705843
2021-07-12,1.9963421996067183
2021-07-13,2.025736361475233
2021-07-14,2.0004448876810015
2021-07-15,1.9691358695803904
2021-07-16,1.9529879856375754
2021-07-19,1.9225059748582385
2021-07-20,1.8838084806745625
2021-07-21,1.9091120884893362
2021-07-26,1.9529758516170328
2021-07-27,1.965508355367803
2021-07-28,1.9699163675842646
2021-07-29,1.9918431955202265
2021-07-30,1.9851240110594603
2021-08-02,2.0215325742751467
2021-08-03,1.9774180768136749
2021-08-04,1.9497466801814238
2021-08-05,1.9424148206715313
2021-08-06,1.9523753105884492
2021-08-10,1.9722052985522542
2021-08-11,2.0001152954977384
2021-08-12,2.035492626375775
2021-08-13,2.0445694923982463
2021-08-16,2.009248778093382
2021-08-17,1.9924437365488104
2021-08-18,2.008466253324738
2021-08-19,1.9603521936795552
2021-08-20,1.9017903362352166
2021-08-23,1.9452355420743896
2021-08-24,1.935932209759228
2021-08-25,1.942402686650989
2021-08-26,1.9430598442527451
2021-08-27,1.9249182462283456
2021-08-30,1.9559664227394087
2021-08-31,1.9571675047965762
2021-09-01,1.9804652645092236
2021-09-02,1.970243933002758
2021-09-03,1.983751052518005
2021-09-06,1.9832981199326243
2021-09-07,1.9968052394478717
2021-09-08,2.009746193231393
2021-09-09,1.9731677802961887
2021-09-10,1.9813266471273552
2021-09-13,1.9964089234356632
2021-09-14,2.026007310320553
2021-09-15,1.9853383433316083
2021-09-16,1.975208003695173
2021-09-17,1.976126002886477
2021-09-21,1.950879011644876
2021-09-22,1.919139302235199
2021-09-24,1.9622448086353366
2021-09-27,1.9693158265556807
2021-09-28,2.0178828187862443
2021-09-29,1.9862341012465976
2021-09-30,1.9502562293399772
2021-10-01,1.9041802427964
2021-10-04,1.9165512078546816
2021-10-05,1.8732765176126698
2021-10-06,1.8746221401719723
2021-10-07,1.873124719786318
2021-10-08,1.9036426391046168
2021-10-11,1.9173393549063267
2021-10-12,1.9117892467473774
2021-10-13,1.9047399695338296
2021-10-14,1.8966530410830338
2021-10-15,1.9379178246591993
2021-10-18,1.9300435958236477
2021-10-19,1.918207074600251
2021-10-20,1.9254057645266904
2021-10-21,1.9063320283193748
2021-10-22,1.904630686510667
2021-10-25,1.8962756788606274
2021-10-26,1.9035936978041963
2021-10-27,1.8950600080262279
2021-10-28,1.9132563688675552
2021-10-29,1.897543355507369
2021-11-01,1.9379716523873194
2021-11-02,1.9050426963289362
2021-11-04,1.9256785690430678
2021-11-05,1.9102666775779786
2021-11-08,1.9120329816634152
2021-11-09,1.9004801616572853
2021-11-10,1.8949128493015526
2021-11-11,1.8984186922383515
2021-11-12,1.9290581088858456
2021-11-15,1.898596890645275
2021-11-16,1.8970729577120826
2021-11-17,1.8604565337440548
2021-11-18,1.8645379762219831
2021-11-19,1.8658856348272632
2021-11-22,1.8615266393909633
2021-11-24,1.8551339954261463
2021-11-25,1.8541604063015038
2021-11-26,1.8319577270285752
2021-11-29,1.8076278447349443
2021-11-30,1.7747986617870128
2021-12-01,1.8007030601528586
2021-12-02,1.8050209179036882
2021-12-03,1.8496925678204588
2021-12-06,1.8440512856825153
2021-12-07,1.8957287683610353
2021-12-08,1.8939230260185256
2021-12-09,1.8935609997694676
2021-12-10,1.8833946694176604
2021-12-13,1.8755879242076596
2021-12-14,1.8824417203545747
2021-12-15,1.890793167204251
2021-12-16,1.899035937501259
2021-12-17,1.8916166647173083
2021-12-20,1.8370277422705805
2021-12-21,1.8581899030405942
2021-12-22,1.8489879846484327
2021-12-23,1.8686252656803468
2021-12-24,1.8617856634256036
2021-12-27,1.8520333748548699
2021-12-28,1.8805393484439819
2021-12-29,1.8979632609333337
2021-12-30,1.8935969328677928
2021-12-31,1.9100911135032868
2022-01-05,1.9257130628911352
2022-01-06,1.8886673190739995
2022-01-07,1.884133911261893
2022-01-11,1.8733465861563297
2022-01-12,1.8989893557341695
2022-01-13,1.8859013670239342
2022-01-14,1.8759639578655467
2022-01-17,1.8659297268587671
2022-01-18,1.8634147156493224
2022-01-19,1.8083728643000712
2022-01-20,1.8141760754558434
2022-01-21,1.8176324812103903
2022-01-24,1.8240781120895286
2022-01-25,1.8033731238400215
2022-01-26,1.791872971681987
2022-01-27,1.7587157479847124
2022-01-28,1.799675191153997
2022-01-31,1.8120455109834077
2022-02-01,1.8024308670899623
2022-02-02,1.8379422112090085
2022-02-03,1.845023762883634
2022-02-04,1.8512181199293944
2022-02-07,1.843566815367892
2022-02-08,1.856285769654486
2022-02-09,1.8552850941112002
2022-02-10,1.8464959137997439
2022-02-14,1.8144381911338832
2022-02-15,1.8308378112215355
2022-02-16,1.8371359000691927
2022-02-17,1.8092133159829014
2022-02-18,1.7998403188007568
2022-02-21,1.795810965855003
2022-02-22,1.7689469853368045
2022-02-24,1.771618186095216
2022-02-25,1.7730004715627474
2022-02-28,1.7857128988486342
2022-03-01,1.7753416945128009
2022-03-02,1.7276484638988983
2022-03-03,1.7375199994617132
2022-03-04,1.7238020836419738
2022-03-07,1.6726706364754949
2022-03-08,1.6517130159675544
2022-03-09,1.6434769271131704
2022-03-10,1.7079162171294842
2022-03-11,1.6855435974560506
2022-03-14,1.6865912659826015
2022-03-15,1.7091974491849165
2022-03-16,1.7052329020651997
2022-03-17,1.727141399502782
2022-03-18,1.7471460104182586
2022-03-22,1.7335134277611952
2022-03-23,1.755678010915711
2022-03-24,1.7402338053068833
2022-03-25,1.7387410909613779
2022-03-28,1.7403838251375223
2022-03-29,1.7345637190467715
2022-03-30,1.705840583773398
2022-03-31,1.6753945702703164
2022-04-01,1.6533426534945892
2022-04-04,1.6632665233338275
2022-04-05,1.6751872282642233
2022-04-06,1.655469600385174
2022-04-07,1.6261106326854793
2022-04-08,1.624076329449216
2022-04-11,1.6205901137797394
2022-04-12,1.6045346845174846
2022-04-13,1.615875908578677
2022-04-14,1.6324655632206617
2022-04-15,1.6117160213457997
2022-04-18,1.601313614677306
2022-04-19,1.6224409559971404
2022-04-20,1.6374681141910292
2022-04-21,1.6458398361863185
2022-04-22,1.6311240758463437
2022-04-25,1.6300646889868546
2022-04-26,1.6245651847347138
2022-04-27,1.6221905187754477
2022-04-28,1.6744690754125635
2022-05-02,1.7176760009032666
2022-05-06,1.735016902016401
2022-05-09,1.7135811885081238
2022-05-10,1.7193982370819951
2022-05-11,1.698750513324343
2022-05-12,1.6780344861879466
2022-05-13,1.7188959010405953
2022-05-16,1.6853067192786144
2022-05-17,1.676246448388819
2022-05-18,1.6771822781170733
2022-05-19,1.656415838425062
2022-05-20,1.6449769646307812
2022-05-23,1.6588161294064516
2022-05-24,1.6364832117300407
2022-05-25,1.6514953570893378
2022-05-26,1.659891617665449
2022-05-27,1.6777055293337404
2022-05-30,1.7035436957315833
2022-05-31,1.6950568406220623
2022-06-01,1.7187826780353352
2022-06-02,1.71989151118607
2022-06-03,1.7282391033919462
2022-06-06,1.715187600560406
2022-06-07,1.7334817482200704
2022-06-08,1.744456827792236
2022-06-09,1.7331950623731371
2022-06-10,1.7343399554943952
2022-06-13,1.7267578837631357
2022-06-14,1.7212714926450037
2022-06-15,1.7164677272279798
2022-06-16,1.7317022729209044
2022-06-17,1.7008921884721233
2022-06-20,1.6881086274323733
2022-06-21,1.701132768314334
2022-06-22,1.7062755476022167
2022-06-23,1.7157569117905234
2022-06-24,1.7144565534632163
2022-06-27,1.7319587712225624
2022-06-28,1.7565370170201717
2022-06-29,1.7761393536218821
2022-06-30,1.767242749396738
2022-07-01,1.6938617430944287
2022-07-04,1.7127300764352276
2022-07-05,1.7275960360370688
2022-07-06,1.7267383845215782
2022-07-07,1.7364584350304744
2022-07-08,1.779341010805017
2022-07-11,1.783915152220968
2022-07-12,1.6738498743996424
2022-07-13,1.6775663643001029
2022-07-14,1.7078700511807794
2022-07-15,1.7238795461366088
2022-07-19,1.7619020966567032
2022-07-20,1.836517778504407
2022-07-21,1.8402342684048674
2022-07-22,1.8553861118452057
2022-07-25,1.81278941990916
2022-07-26,1.8265118441570136
2022-07-27,1.8553861118452057
2022-07-28,1.8599602532611568
2022-07-29,1.8699661876085503
2022-08-01,1.9245700007614677
2022-08-02,1.8611037886151445
2022-08-03,1.8911215916573245
2022-08-04,1.9019851775202086
2022-08-05,1.9294300260159158
2022-08-08,1.9139922987370805
2022-08-09,1.8916933593343181
2022-08-10,1.8779709350864646
2022-08-12,1.9548736876421442
2022-08-15,1.984033839168833
2022-08-16,1.9511571977416837
2022-08-17,1.9600195967350895
2022-08-18,1.9248558845999644
2022-08-19,1.9282864906619277
2022-08-22,1.917137020960547
2022-08-23,1.909418157321129
2022-08-24,1.9294300260159158
2022-08-25,1.9091322734826324
2022-08-26,1.9248558845999644
2022-08-29,1.8473813643672912
2022-08-30,1.905129899743675
2022-08-31,1.903986364389687
2022-09-01,1.870252071447047
2022-09-02,1.864820278515605
2022-09-05,1.8959816169117727
2022-09-06,1.8551002280067086
2022-09-07,1.8668214653850834
2022-09-08,1.922854697730486
2022-09-09,1.9348618189473576
2022-09-12,1.96087724825058
2022-09-13,1.9725984856289551
2022-09-14,1.9022710613587053
2022-09-15,1.8759697482169861
2022-09-16,1.8239388896105408
2022-09-20,1.8067858593007242
2022-09-21,1.7936352027298643
2022-09-22,1.7887751774754161
2022-09-26,1.733599596645505
2022-09-27,1.7353148996764867
2022-09-28,1.7141594956277124
2022-09-29,1.7115865410812396
2022-09-30,1.664415707729243
2022-10-03,1.6881426832926538
2022-10-04,1.7570349419853126
2022-10-05,1.7909163806866202
2022-10-06,1.813221661164981
2022-10-07,1.79712797778186
2022-10-11,1.676566525069707
2022-10-12,1.6799546689398377
2022-10-13,1.6440968129809537
2022-10-14,1.676284179747196
2022-10-17,1.64296743169091
2022-10-18,1.660190496364075
2022-10-19,1.6751547984571524
2022-10-20,1.643814467658443
2022-10-21,1.6257443670177454
2022-10-24,1.6641433308792273
2022-10-25,1.6613198776541185
2022-10-26,1.648331992818617
2022-10-27,1.6638609855567166
2022-10-28,1.6265914029852782
2022-10-31,1.6974600789355132
2022-11-01,1.7443294024723222
2022-11-02,1.7098832731259928
2022-11-04,1.6779782516822612
2022-11-07,1.7220241219939614
2022-11-08,1.7623995031130195
2022-11-09,1.7765167692385646
2022-11-10,1.755623215372758
2022-11-11,1.8821139198576398
2022-11-14,1.9179717758165238
2022-11-15,1.8406091574485381
2022-11-16,1.8425855747061142
2022-11-17,1.8089864813273175
2022-11-18,1.8050336468121653
2022-11-21,1.8137863518100028
2022-11-22,1.8315741071281895
2022-11-24,1.8592439487342574
2022-11-25,1.8400444668035163
2022-11-28,1.8143510424550247
2022-11-29,1.7835754023013368
2022-11-30,1.7437647118273005
2022-12-01,1.7810342943987387
2022-12-02,1.7491292729550074
2022-12-05,1.7799049131086953
2022-12-06,1.7705875174658354
2022-12-07,1.73105917231431
2022-12-08,1.742352985214746
2022-12-09,1.7767991145610753
2022-12-12,1.7677640642407266
2022-12-13,1.76889344553077
2022-12-14,1.7810342943987387
2022-12-15,1.7381178053770825
2022-12-16,1.7022599494181985
2022-12-19,1.6901191005502298
2022-12-20,1.6466379208835518
2022-12-21,1.6248973310502126
2022-12-22,1.6246149857277017
2022-12-23,1.5901688563813723
2022-12-26,1.6042861225069172
2022-12-27,1.5893218204138397
2022-12-28,1.5907335470263941
2022-12-29,1.5768986262233602
2022-12-30,1.569275302515566
2023-01-03,1.6125930450573984
2023-01-05,1.6259921932158514
2023-01-06,1.6369747213605728
2023-01-10,1.7268580438081607
2023-01-11,1.7546033780685093
2023-01-12,1.7687650590972288
2023-01-13,1.7528692946772373
2023-01-16,1.7517132390830563
2023-01-17,1.7716551980826818
2023-01-18,1.7941982821692155
2023-01-19,1.7739673092710444
2023-01-20,1.7716551980826818
2023-01-23,1.8121171438790238
2023-01-24,1.8641396456171775
2023-01-25,1.8785903405444426
2023-01-26,1.8722320347764458
2023-01-27,1.8768562571531706
2023-01-30,1.9355260785578665
2023-01-31,1.8887058269935282
2023-02-01,1.9022894802251573
2023-02-02,1.9337919951665945
2023-02-03,1.9352370646593213
2023-02-06,1.936971148050593
2023-02-07,1.9598032460356716
2023-02-08,1.9441964955142255
2023-02-09,1.9430404399200443
2023-02-10,1.9910167470785638
2023-02-13,1.9574911348473092
2023-02-14,2.000843219629104
2023-02-15,1.946797620601133
2023-02-16,1.978589149441116
2023-02-17,1.9392832592389553
2023-02-20,1.9346590368622303
2023-02-21,1.9005553968338853
2023-02-22,1.8901508964862546
2023-02-24,1.9681846490934853
2023-02-27,1.988415621991656
2023-02-28,1.997086038948015
2023-03-01,2.0479524850919875
2023-03-02,2.025987428802545
2023-03-03,2.0496865684832595
2023-03-06,2.1019980841199586
2023-03-07,2.066738388497432
2023-03-08,2.075986833250882
2023-03-09,2.0887034447868746
2023-03-10,2.05517783255562
2023-03-13,2.014426872860733
2023-03-14,1.979745205035297
2023-03-15,1.9696297185862115
2023-03-16,1.9309018561811415
2023-03-17,1.9817683023251143
2023-03-20,1.9618263433254886
2023-03-22,1.997086038948015
2023-03-23,1.9806122467309328
2023-03-24,1.973675913165846
2023-03-27,1.9800342189338425
2023-03-28,1.9927508304698356
2023-03-29,2.025120387106909
2023-03-30,2.0167389840490957
2023-03-31,2.018184053541822
2023-04-03,2.001767158872003
2023-04-04,1.989606891084463
2023-04-05,1.934417983433319
2023-04-06,1.8932601539985676
2023-04-07,1.918516094788074
2023-04-10,1.924128526074631
2023-04-11,1.9634155450805302
2023-04-12,1.9680925711526611
2023-04-13,1.9643509502949563
2023-04-14,1.9325471730044668
2023-04-17,1.9559323033651208
2023-04-18,1.9802528389402012
2023-04-19,1.9802528389402012
2023-04-20,1.9849298650123322
2023-04-21,1.9652863555093825
2023-04-24,1.978382028511349
2023-04-25,1.9924131067277415
2023-04-26,1.9708987867959396
2023-04-27,1.9970901327998722
2023-04-28,2.0532144456654424
2023-05-01,2.079405791669375
2023-05-02,2.068180929096261
2023-05-08,2.0644393082385566
2023-05-09,2.110274163745439
2023-05-10,2.0747287655972446
2023-05-11,2.0747287655972446
2023-05-12,2.106532542887734
2023-05-15,2.099984706386751
2023-05-16,2.140207130607076
2023-05-17,2.1205636211041266
2023-05-18,2.132723888891667
2023-05-19,2.164527666182157
2023-05-22,2.194460633043794
2023-05-23,2.220651979047727
2023-05-24,2.211297926903465
2023-05-25,2.2066209008313344
2023-05-26,2.210362521689039
2023-05-29,2.2468433250516595
2023-05-30,2.2889365597008373
2023-05-31,2.244037109408381
2023-06-01,2.234683057264119
2023-06-02,2.2749054814844447
2023-06-05,2.3675105977126356
2023-06-06,2.392766538502142
2023-06-07,2.3778000550713236
2023-06-08,2.3618981664260787
2023-06-09,2.4011851854319777
2023-06-12,2.397443564574273
2023-06-13,2.4610511191552527
2023-06-14,2.5274648893795106
2023-06-15,2.5181108372352488
2023-06-16,2.4919194912313163
2023-06-19,2.4947257068745947
2023-06-20,2.485371654730333
2023-06-21,2.5115630007342657
2023-06-22,2.50314435380443
2023-06-23,2.476953007800497
2023-06-26,2.479759223443776
2023-06-27,2.456374093083122
2023-06-28,2.533077320666068
2023-06-29,2.558333261455574
2023-06-30,2.528400294593937
2023-07-03,2.5278043768124054
2023-07-04,2.5061083914045117
2023-07-05,2.525582263395477
2023-07-06,2.5122356870443943
2023-07-07,2.4786863558611802
2023-07-10,2.5013577902186426
2023-07-11,2.52206743392776
2023-07-12,2.500032968268458
2023-07-13,2.515369214563009
2023-07-14,2.512805815706499
2023-07-18,2.5764148411209846
2023-07-19,2.6196030218743935
2023-07-20,2.56173134551212
2023-07-21,2.5492370512828675
2023-07-24,2.571716714198992
2023-07-25,2.571379695346607
2023-07-26,2.5785929572222477
2023-07-27,2.5962954217859022
2023-07-28,2.5903627299693275
2023-07-31,2.622666236238511
2023-08-01,2.6327710899059285
2023-08-02,2.595472048706075
2023-08-03,2.5464413565168904
2023-08-04,2.5484424563798687
2023-08-07,2.5386732395524354
2023-08-08,2.520038882016662
2023-08-09,2.536665493307357
2023-08-10,2.561075913339132
2023-08-14,2.5813046702429183
2023-08-15,2.6760716006602934
2023-08-16,2.623988190891581
2023-08-17,2.632456972298499
2023-08-18,2.5967612091972003
2023-08-21,2.629120272305179
2023-08-22,2.656487255995302
2023-08-23,2.6930210988984653
2023-08-24,2.710717283336171
2023-08-25,2.675663991891948
2023-08-28,2.7320906596702246
2023-08-29,2.7623076817244696
2023-08-30,2.7823537245953975
2023-08-31,2.7818270580865927
2023-09-01,2.811485574315797
2023-09-04,2.8391516591762587
2023-09-05,2.8665124005795675
2023-09-06,2.8978163172057023
2023-09-07,2.863878574828087
2023-09-08,2.830698168415856
2023-09-11,2.7743579143053765
2023-09-12,2.798714486530142
2023-09-13,2.7825265296867743
2023-09-14,2.7919177570743483
2023-09-15,2.803991230094884
2023-09-19,2.8207618197338937
2023-09-20,2.750346414548469
2023-09-21,2.7206309505928377
2023-09-22,2.754267492367095
2023-09-25,2.7675926808303473
2023-09-26,2.7551235582699243
2023-09-27,2.7556380142312547
2023-09-28,2.7420565938770203
2023-09-29,2.7295755951191345
2023-10-02,2.7069916741611317
2023-10-03,2.6721694295222385
2023-10-04,2.6661273340445524
2023-10-05,2.718221247187679
2023-10-06,2.703223060454744
2023-10-10,2.752888106748604
2023-10-11,2.7271322275340193
2023-10-12,2.8781749340900715
2023-10-13,2.876981624792145
2023-10-16,2.8086374967735637
2023-10-17,2.8343740427414734
2023-10-18,2.8621968228772037
2023-10-19,2.8162158937829056
2023-10-20,2.7806335538976326
2023-10-23,2.735994874763671
2023-10-24,2.7366901663021834
2023-10-25,2.8102994644086086
2023-10-26,2.753906697721887
2023-10-27,2.7929819658909008
2023-10-30,2.7794588587418154
2023-10-31,2.7775244278919016
2023-11-01,2.900132480623688
2023-11-02,2.951182025131298
2023-11-06,3.0579906262872054
2023-11-07,3.0270171909968986
2023-11-08,3.012879347503781
2023-11-09,3.0465014788769067
2023-11-10,3.0369567884921427
2023-11-13,3.0134393063155662
2023-11-14,3.0330721753057013
2023-11-15,3.0372378396735
2023-11-16,2.9771419820928227
2023-11-17,2.987883563535576
2023-11-20,3.007604151240316
2023-11-21,3.0571979494107513
2023-11-22,3.0609110664803274
2023-11-24,3.0468444711106355
2023-11-27,3.0149108041393546
2023-11-28,2.9840730611280577
2023-11-29,2.9789110016891476
2023-11-30,2.987556682340743
2023-12-01,2.9698804401026933
2023-12-04,2.925953163546141
2023-12-05,2.875602132784822
2023-12-06,2.9551633045511156
2023-12-07,2.9221559095220218
2023-12-08,2.844707109138065
2023-12-11,2.8912021670306727
2023-12-12,2.8696123117361694
2023-12-13,2.8540262449782845
2023-12-14,2.8052509013465374
2023-12-15,2.9004794141697623
2023-12-18,2.894392207783167
2023-12-19,2.9206883530105783
2023-12-20,3.032855927832211
2023-12-21,2.993822548364327
2023-12-22,2.9667176152215644
2023-12-25,2.9585767562972243
2023-12-26,2.9665915895658923
2023-12-27,2.99479925063648
2023-12-28,2.9981858460635067
2023-12-29,2.989730994775451
2024-01-02,2.6645541204344756
2024-01-05,2.648618937259136
2024-01-09,2.723202300190197
2024-01-10,2.7771691237744602
2024-01-11,2.749276158775852
2024-01-12,2.7529143716017574
2024-01-15,2.7165322433427037
2024-01-16,2.6437679868245954
2024-01-17,2.610417702587129
2024-01-18,2.583737475197156
2024-01-19,2.610417702587129
2024-01-22,2.6407361428030076
2024-01-23,2.7304787258420076
2024-01-24,2.6625654197584403
2024-01-25,2.6310342419339268
2024-01-26,2.6098113337828117
2024-01-29,2.649225306063453
2024-01-30,2.609204964978494
2024-01-31,2.589801163240332
2024-02-01,2.5394725524819735
2024-02-02,2.5576636166115008
2024-02-05,2.6195132346518926
2024-02-06,2.5716100991108046
2024-02-07,2.5558445101985483
2024-02-08,2.5710037303064874
2024-02-09,2.5934393760662373
2024-02-13,2.6128431778043995
2024-02-14,2.4297197989004937
2024-02-15,2.4709528775940885
2024-02-16,2.4818675160718047
2024-02-19,2.4466981254213858
2024-02-20,2.455187288681832
2024-02-21,2.522494225961082
2024-02-22,2.489750310527933
2024-02-26,2.5146114315049535
2024-02-27,2.5315897580258455
2024-02-28,2.5364407084603857
2024-02-29,2.5297706516128926
2024-03-01,2.500664949005649
2024-03-04,2.4921757857452036
2024-03-05,2.4697401399854533
2024-03-06,2.5103668498747305
2024-03-07,2.4952076297667913
2024-03-08,2.4861120977020277
2024-03-11,2.522494225961082
2024-03-12,2.6267896603037038
2024-03-13,2.6255769226950685
2024-03-14,2.654076256497994
2024-03-15,2.691064753561366
2024-03-18,2.7225959313858787
2024-03-19,2.7523080027974403
2024-03-21,2.770499066926967
2024-03-22,2.7474570523628996
2024-03-25,2.70986218649521
2024-03-26,2.7122876617124807
2024-03-27,2.7559462156233456
2024-03-28,2.7413933643197237
2024-03-29,2.7711054357312843
2024-04-01,2.698617674536419
2024-04-02,2.6761197685014646
2024-04-03,2.6826802397247858
2024-04-04,2.717291920714366
2024-04-05,2.690004477134404
2024-04-08,2.7067470461519467
2024-04-09,2.7038286919827996
2024-04-10,2.73693203468118
2024-04-11,2.6966089259599184
2024-04-12,2.706820219808164
2024-04-15,2.6979902394064
2024-04-16,2.614173207169599
2024-04-17,2.5842389988862964
2024-04-18,2.6059906308540537
2024-04-19,2.5763712676393564
2024-04-22,2.6215060733082116
2024-04-23,2.6266424196426
2024-04-24,2.671432712231312
2024-04-25,2.6464990849508303
2024-04-26,2.7118489828726164
2024-04-30,2.7797080024413763
2024-05-01,2.7941642076564
2024-05-02,2.8012132670410543
2024-05-07,2.7941516199956946
2024-05-08,2.7722584171609737
2024-05-09,2.7899471299123655
2024-05-10,2.8314291029207417
2024-05-13,2.7145751571404997
2024-05-14,2.6805265241570884
2024-05-15,2.6923387592086137
2024-05-16,2.706083604393478
2024-05-17,2.6835939913802394
2024-05-20,2.7420708390863826
2024-05-21,2.717943222526981
2024-05-22,2.6910585867763417
2024-05-23,2.7088187453349186
2024-05-24,2.710831966977005
2024-05-27,2.7432482439326633
2024-05-28,2.775380479403811
2024-05-29,2.7583839908001924
2024-05-30,2.745158110715635
2024-05-31,2.7763954320635187
2024-06-03,2.8278221062543776
2024-06-04,2.832989651282831
2024-06-05,2.7946974799517648
2024-06-06,2.78546802147693
2024-06-07,2.7704537430022502
2024-06-10,2.7769413499700586
2024-06-11,2.7461611736900813
2024-06-12,2.752262316380648
2024-06-13,2.698021043514365
2024-06-14,2.7163943936877333
2024-06-17,2.697506242583146
2024-06-18,2.7003233123235564
2024-06-19,2.738368255666565
2024-06-20,2.7292243659025237
2024-06-21,2.7241729084260355
2024-06-24,2.7163297990752273
2024-06-25,2.7286849264490054
2024-06-26,2.783582759834459
2024-06-27,2.7619622935142685
2024-06-28,2.7683536390511927
2024-07-01,2.750650060779521
2024-07-02,2.734188959278746
2024-07-03,2.718825264544689
2024-07-04,2.701815459660555
2024-07-05,2.7303480355952314
2024-07-08,2.6886465784599345
2024-07-09,2.7171791543946116
2024-07-10,2.7160817476278933
2024-07-11,2.7490039506294437
2024-07-12,2.786315780697867
2024-07-16,2.734188959278746
2024-07-17,2.803874288965361
2024-07-18,2.7643676453635004
2024-07-19,2.7758904164140428
2024-07-22,2.8049716957320787
2024-07-23,2.789059297614663
2024-07-24,2.827468534449805
2024-07-25,2.807715212648875
2024-07-26,2.7698546791970924
2024-07-29,2.8719135085018976
2024-07-30,2.895507753986342
2024-07-31,2.9333682874381246
2024-08-01,2.8680725848183837
2024-08-02,2.7550396878463945
2024-08-05,2.58603904577177
2024-08-06,2.833504271666756
2024-08-07,2.9476345754054627
2024-08-08,2.9860438122406054
2024-08-09,2.9717775242732665
2024-08-13,2.9492806855555407
2024-08-14,3.023904345692388
2024-08-15,3.049693404710269
2024-08-16,3.0524369216270646
2024-08-19,3.0485959979435506
2024-08-20,3.142972979881328
2024-08-21,3.0255504558424655
2024-08-22,3.0968818956791573
2024-08-23,3.0639596926776074
2024-08-26,3.049693404710269
2024-08-27,3.0431089641099587
2024-08-28,3.0178686084754367
2024-08-29,3.0310374896760566
2024-08-30,3.0068945408082532
2024-09-02,2.948183278788822
2024-09-03,3.0096380577250494
2024-09-04,2.9542190160057733
2024-09-05,2.8570985171512002
2024-09-06,2.8735596186519747
2024-09-09,2.798387255131769
2024-09-10,2.827468534449805
2024-09-11,2.724312298378281
2024-09-12,2.740773399879056
2024-09-13,2.763270238596782
2024-09-17,2.7528448743129577
2024-09-18,2.754490984463035
2024-09-19,2.8093613227989525
2024-09-20,2.8850823897025175
2024-09-24,2.935014397588202
2024-09-25,2.9295273637546106
2024-09-26,2.950378092322259
2024-09-27,3.0030536171247393
2024-09-30,2.9816541851737313
2024-10-01,2.908041284425609
2024-10-02,2.871907632130882
2024-10-03,2.950631117622432
2024-10-04,2.948623229675278
2024-10-07,2.9852126887606465
2024-10-08,2.9348707805353076
2024-10-09,2.925939260030413
2024-10-10,2.972381841011485
2024-10-11,2.941922506608095
2024-10-15,2.9336331107339078
2024-10-16,2.920755683524729
2024-10-17,2.9606139900886603
2024-10-18,2.9483437529151777
2024-10-21,2.9625403639807857
2024-10-22,2.9587458405215563
2024-10-23,2.997226738904038
2024-10-24,2.978616769478501
2024-10-25,2.9701410557642474
2024-10-28,3.054597083472155
2024-10-29,3.0751101370598084
2024-10-30,3.088127302649037
2024-10-31,3.0919684055682826
2024-11-01,2.838763350554617
2024-11-05,2.9197991475389085
2024-11-06,2.8387284159596042
2024-11-07,2.8868628164772394
2024-11-08,2.837314416127663
2024-11-11,2.7519850235444423
2024-11-12,2.8225821412718637
2024-11-13,2.794912557826386
2024-11-14,2.831220883096176
2024-11-15,2.8700161928337695
2024-11-18,2.871556629125278
2024-11-19,2.922459147926296
2024-11-20,2.8868511716122356
2024-11-21,2.863839488691774
2024-11-22,2.880732691795261
2024-11-25,2.939315759379291
2024-11-26,2.962513760139819
2024-11-27,2.883440928698144
2024-11-28,2.908121141425159
2024-11-29,2.851171669052671
2024-12-02,2.9125344997850884
2024-12-03,2.9486914418098236
2024-12-04,2.8887758884488814
2024-12-05,2.9030190789745056
2024-12-06,2.9375174790022123
2024-12-09,2.9523562146985283
2024-12-10,2.970533667063431
2024-12-11,2.9671600157998315
2024-12-12,2.9847419229940426
2024-12-13,3.0087450764953374
2024-12-16,3.031054753404591
2024-12-17,3.00045568062115
2024-12-18,3.0427311024628603
2024-12-19,3.009470372236554
2024-12-20,3.0287108214277945
2024-12-23,3.070062984823217
2024-12-24,3.1202651546685063
2024-12-25,3.1235340021470686
2024-12-26,3.183449555508011
2024-12-27,3.2235524042370303
2024-12-30,3.222921924471326
2024-12-31,2.9290334345339124
2025-01-07,3.1578404043464126
2025-01-08,3.0819748415847847
2025-01-09,3.0269850377038736
2025-01-10,3.048369961435339
2025-01-14,2.9765777174797043
2025-01-15,2.895620506210585
2025-01-16,2.947046156136252
2025-01-17,2.9383903536735163
2025-01-20,3.0254575431516257
2025-01-21,3.012219257032147
2025-01-22,3.0157834109873916
2025-01-23,3.0096734327784014
2025-01-24,3.0305491916591176
2025-01-27,3.0804473470325373
2025-01-28,3.113543062331234
2025-01-29,3.051424950539834
2025-01-30,3.0152742461366424
2025-01-31,2.99796264121117
2025-02-03,2.8823822200911065
2025-02-04,2.88034556068811
2025-02-05,2.870162263673126
2025-02-06,2.8884921983000966
2025-02-07,2.884418879494103
2025-02-10,2.8920563522553406
2025-02-12,2.9007121547180765
2025-02-13,2.900202989867328
2025-02-14,2.7637468098665474
2025-02-17,2.710793665388633
2025-02-18,2.772911777180033
2025-02-19,2.8039708330757325
2025-02-20,2.7866592281502607
2025-02-21,2.8599789666581428
2025-02-25,2.869653098822377
2025-02-26,2.8263740865086966
2025-02-27,2.8431765265834197
2025-02-28,2.7494901940455705
2025-03-03,2.787677557851759
2025-03-04,2.8060074924787295
2025-03-05,2.816699954344462
2025-03-06,2.8039708330757325
2025-03-07,2.8004066791204885
2025-03-10,2.991343498151431
2025-03-11,2.9531561343452424
2025-03-12,2.926679562106285
2025-03-13,2.8818730552403573
2025-03-14,2.864561450314885
2025-03-17,2.883909714643354
2025-03-18,2.9022396492703244
2025-03-19,2.8767814067328654
2025-03-21,2.8543781532999013
2025-03-24,2.8105899761354722
2025-03-25,2.909877122031562
2025-03-26,2.9383903536735163
2025-03-27,2.9760685526289556
2025-03-28,2.8630339557626376
2025-03-31,2.7021378629258965
2025-04-01,2.6338341622960555
2025-04-02,2.6247973014771984
2025-04-03,2.615760440658341
2025-04-04,2.6247973014771984
2025-04-07,2.455561544324052
2025-04-08,2.4358447570829087
2025-04-09,2.4284509618674797
2025-04-10,2.5270348980731963
2025-04-11,2.4572046099274805
2025-04-14,2.5040319796251955
2025-04-15,2.4892443891943383
2025-04-16,2.5097827092371956
2025-04-17,2.505675045228624
2025-04-18,2.519641102857767
2025-04-21,2.508139643633767
2025-04-22,2.5533239477280536
2025-04-23,2.5878283254000545
2025-04-24,2.5738622677709113
2025-04-25,2.5796129973829114
2025-04-28,2.6017943830291976
2025-04-30,2.6050805142360547
2025-05-01,2.3660144689371925
2025-05-02,2.3545130097131923
2025-05-07,2.4029834450143364
2025-05-08,2.4580261427291945
2025-05-09,2.459669208332623
2025-05-12,2.4613122739360516
2025-05-13,2.4572046099274805
2025-05-14,2.4087341746263364
2025-05-15,2.401340379410908
2025-05-16,2.3980542482040503
2025-05-19,2.4111987730314794
2025-05-20,2.36930060014405
2025-05-21,2.347940747299478
2025-05-22,2.356156075316621
2025-05-23,2.398875781005765
2025-05-26,2.4194141010486225
2025-05-27,2.421057166652051
2025-05-28,2.4029834450143364
2025-05-29,2.421057166652051
2025-05-30,2.4366662898846227
2025-06-02,2.4309155602726227
2025-06-03,2.4218786994537655
2025-06-04,2.4194141010486225
2025-06-05,2.4120203058331935
2025-06-06,2.4087341746263364
2025-06-09,2.406269576221194
2025-06-10,2.4202356338503366
2025-06-11,2.453096945918909
2025-06-12,2.452275413117195
2025-06-13,2.4358447570829087
2025-06-16,2.441595486694909
2025-06-17,2.4342016914794797
2025-06-18,2.464598405142909
2025-06-19,2.4572046099274805
2025-06-20,2.4218786994537655
2025-06-23,2.3586206737217643
2025-06-24,2.3873743217817647
2025-06-25,2.3791589937646216
2025-06-26,2.4005188466091933
2025-06-27,2.4120203058331935
2025-06-30,2.412841838634908
2025-07-01,2.369885530388551
2025-07-02,2.3496257027203207
2025-07-03,2.388409571994149
2025-07-04,2.404780119472135
2025-07-07,2.281893762179047
2025-07-08,2.31288639494549
2025-07-09,2.3643133459341192
2025-07-10,2.332879636330639
2025-07-11,2.3652240208937134
2025-07-14,2.3471325407708483
2025-07-15,2.362027550405835
2025-07-16,2.3560661791719424
2025-07-17,2.3619524853853195
2025-07-18,2.343354370500075
2025-07-22,2.3521578847913522
2025-07-23,2.6332724095524784
2025-07-24,2.6864234622177112
2025-07-25,2.5694287574605807
2025-07-28,2.607122114898278
2025-07-29,2.5630791911880957
2025-07-30,2.5290297191387636
2025-07-31,2.5138174187131073
2025-08-01,2.5137370073700116
2025-08-04,2.4787863674562582
2025-08-05,2.479236951388469
2025-08-06,2.486580772995368
2025-08-07,2.517704521612495
2025-08-08,2.5203434590212854
2025-08-12,2.5230586470005782
2025-08-13,2.5168423738696335
2025-08-14,2.4165016397730605
2025-08-15,2.4427450218972533
2025-08-18,2.4001532755171446
2025-08-19,2.4006969469193478
2025-08-20,2.3709936770559192
2025-08-21,2.341460736973855
2025-08-22,2.3495904557531126
2025-08-25,2.3878243155612893
2025-08-26,2.3527900952727157
2025-08-27,2.3585367702811038
2025-08-28,2.3644484287482754
2025-08-29,2.3573933766465274
2025-09-01,2.340833485196832
2025-09-02,2.3588011792733288
2025-09-03,2.3377893220408392
2025-09-04,2.342433800827067
2025-09-05,2.3831935046428265
2025-09-08,2.3811002221179765
2025-09-09,2.389577930264279
2025-09-10,2.3723464205934195
2025-09-11,2.3865983332927607
2025-09-12,2.396486021356721
2025-09-16,2.408100980129009
2025-09-17,2.4098652874771602
2025-09-18,2.4109611456358717
2025-09-19,2.3650332975628947
2025-09-22,2.3814820790931206
2025-09-24,2.352316142568447
2025-09-25,2.3820849703572176
2025-09-26,2.404168325235492
2025-09-29,2.3472115727548353
2025-09-30,2.385479300171111
2025-10-01,2.318903770494136
2025-10-02,2.298629800856073
2025-10-03,2.307396922861722
2025-10-06,2.4663010092141087
2025-10-07,2.4876708691028773
2025-10-08,2.551780448769185
2025-10-09,2.5315064791311217
2025-10-10,2.4383558078211025
2025-10-14,2.4295886858154536
2025-10-15,2.491506484980349
2025-10-16,2.5550681195213034
2025-10-17,2.5419174365128305
2025-10-20,2.5682188025297767
2025-10-21,2.5315064791311217
2025-10-22,2.6147941381847866
2025-10-23,2.648766735956676
2025-10-24,2.69424618136098
2025-10-27,2.774246169662526
2025-10-28,2.7161639863751024
2025-10-29,2.6975338521130983
2025-10-30,2.7342461755117533
2025-10-31,2.7265749437568103
2025-11-04,2.7298626145089284
2025-11-05,2.7917804136738242
2025-11-06,2.845479035958424
2025-11-07,2.8153420540640055
2025-11-10,2.850958487211954
2025-11-11,3.1035611899997133
2025-11-12,2.974794085541745
2025-11-13,3.0783557142334725
2025-11-14,3.071232427603883
2025-11-17,3.053698183592585
2025-11-18,2.9994516161826326
2025-11-19,3.013698189441812
2025-11-20,3.074520098356001
2025-11-21,3.1358899523955435
2025-11-25,3.0893146167405336
2025-11-26,3.145205019526546
2025-11-27,3.1610954281617842
2025-11-28,3.1890406295547904
2025-12-01,3.1342461170194844
2025-12-02,3.121643379136364
2025-12-03,3.1139721473814213
2025-12-04,3.1342461170194844
2025-12-05,3.072876262979942
2025-12-08,3.1413694036490742
2025-12-09,3.130410501142013
2025-12-10,3.1561639220336066
2025-12-11,3.1490406354040172
2025-12-12,3.2076707638167936
2025-12-15,3.2158899406970898
2025-12-16,3.159999537911078
2025-12-17,3.1972598064350857
2025-12-18,3.170410495292786
2025-12-19,3.2827392459901628
2025-12-22,3.227944733454857
2025-12-23,3.2361639103351534
2025-12-24,3.2087666540675
2025-12-25,3.205478983315382
2025-12-26,3.1939721356829676
2025-12-29,3.204383093064676
2025-12-30,3.1972598064350857
2025-12-31,2.349040752388554
2026-01-06,3.295635561963228
2026-01-07,3.3211403563036477
2026-01-08,3.3357501407057524
2026-01-09,3.3714304333824474
2026-01-13,3.434091743358752
2026-01-14,3.5318707938024265
2026-01-15,3.5602821413873924
2026-01-16,3.6186593637017297
2026-01-19,3.6218456587876897
2026-01-20,3.548524961220965
2026-01-21,3.5703758949242705
2026-01-22,3.5913118735471876
2026-01-23,3.621242580240409
2026-01-26,3.58328395917139
2026-01-27,3.5962122407542543
2026-01-28,3.5455867947677766
2026-01-29,3.5857612069790004
2026-01-30,3.6447269961222615
2026-02-02,3.630104331529225
2026-02-03,3.7881205142775576
2026-02-04,3.899023075386615
2026-02-05,3.8758080562147437
2026-02-06,3.9017307163857313
2026-02-09,3.9816513989921654
2026-02-10,4.217906378124689
2026-02-12,4.271405663906947
2026-02-13,4.062546848720035
2026-02-16,4.031225953013144
2026-02-17,4.017814298003378
2026-02-18,3.999311917239531
2026-02-19,4.058553563283602
2026-02-20,4.09060341937606
2026-02-24,4.124521704237284
2026-02-25,4.124324110466169
2026-02-26,4.152106865092322
2026-02-27,4.280227602469497
2026-03-02,4.304373962618146
2026-03-03,4.136805631196706
2026-03-04,3.8866033251098635
2026-03-05,3.999679078072015
2026-03-06,3.9548113427112477
2026-03-09,3.7136820627331923
2026-03-10,3.835324564817106
2026-03-11,3.854191974961991
2026-03-12,3.254786276338341
